dropout_rate,learning_rate,val_accuracy,val_loss
0.3,0.001,0.924873411655426,0.32641875743865967
